depth_scale,width_scale,input_size,mAP50,mAP50-95,precision,recall,params_count,flops,inference_time
1.0,1.0,160,0.9108473162739799,0.8472983535355911,[    0.99404     0.97141     0.80546     0.76568],[    0.96842     0.91892     0.91089     0.64179],0,0,0.009622099999996863
1.0,1.0,320,0.9907978504611399,0.9805297436091625,[          1     0.96015     0.94285     0.95687],[    0.98685     0.97676      0.9901      0.9935],0,0,0.02509107200001381
1.0,1.0,480,0.9921960976268638,0.9821908146710987,[    0.98885     0.97284     0.95492     0.98168],[    0.98947     0.97297           1           1],0,0,0.05021491000001333
